tiltX,tiltY,tiltZ,accAngleX,accAngleY,accAngleZ,gyroX,gyroY,gyroZ,Click,RotDir,RotVal
-0.08,-87.05,85.60,87.05,-14.78,0.25,136,-1014,-2636,0,NA,0
-1.61,-85.34,85.22,85.34,-76.02,0.34,-628,783,-1231,0,NA,0
-2.90,-84.65,84.49,84.65,-85.00,0.65,573,302,-2797,0,NA,0
-1.59,-83.93,85.10,83.93,-71.97,0.32,1481,-1203,-1275,0,NA,0
-0.04,-86.32,85.21,86.32,-6.36,0.22,1244,-484,-1174,0,NA,0
-1.19,-87.72,86.25,87.72,-76.07,0.61,296,-1136,-1056,0,NA,0
0.15,-84.56,83.58,84.56,14.10,0.19,-114,-957,-536,0,NA,0
4.68,-6.40,89.93,6.40,85.20,0.53,300,-105,-693,0,NA,0
-6.54,-86.49,79.32,86.49,-84.40,0.46,1187,-1670,-884,0,NA,0
-5.77,-67.91,88.71,67.91,-85.97,0.54,-556,23,-3929,0,NA,0
1.35,-85.82,82.48,85.82,79.91,0.47,75,473,-1047,0,NA,0
0.37,-87.30,82.97,87.30,37.82,0.62,-60,121,-489,0,NA,0
-6.37,-88.79,63.29,88.79,-85.11,0.54,105,737,-803,0,NA,0
-0.27,-87.73,83.32,87.73,-30.70,0.52,250,487,350,0,NA,0
-1.89,-85.27,84.12,85.27,-86.50,0.55,446,425,-124,0,NA,0
-4.80,-86.37,81.93,86.37,-83.55,0.63,359,732,-307,0,NA,0
1.36,-84.58,83.84,84.58,73.08,0.61,663,1349,669,0,NA,0
1.36,-87.30,84.07,87.30,75.82,0.62,746,639,-260,0,NA,0
-2.10,-86.99,81.82,86.99,-87.81,0.63,348,592,1522,0,NA,0
-0.72,-87.19,83.97,87.19,-60.99,0.54,-1322,-1014,-45,0,NA,0
-0.42,-86.23,82.85,86.23,-61.20,0.42,644,903,52,0,NA,0
-1.02,-83.52,85.34,83.52,-73.08,0.55,-529,521,-638,0,NA,0
-0.15,-88.37,83.62,88.37,-82.67,0.12,418,522,331,0,NA,0
0.38,-84.29,84.44,84.29,31.06,0.61,555,21,-44,0,NA,0
-3.62,-82.54,85.80,82.54,-85.08,0.63,-654,329,-556,0,NA,0
-2.54,-13.76,89.85,13.76,-78.38,0.40,-901,-207,-1404,0,NA,0
-0.60,-86.31,84.23,86.31,-46.82,0.24,58,179,-50,0,NA,0
-0.31,-86.53,80.36,86.53,-38.26,0.08,71,757,-358,0,NA,0
0.24,-85.99,86.52,85.99,35.29,0.41,299,493,-860,0,NA,0
-2.59,88.88,99.59,-88.88,-84.49,0.17,50,742,-605,0,NA,0
-0.50,-84.86,84.27,84.86,-67.25,0.54,173,590,-92,0,NA,0
-0.21,-84.06,84.60,84.06,-22.07,0.21,620,396,44,0,NA,0
0.18,-88.16,82.41,88.16,17.13,0.61,14,334,-147,0,NA,0
0.04,-88.96,85.50,88.96,4.74,0.50,-26,-258,633,0,NA,0
-2.42,-83.09,85.05,83.09,-88.68,0.51,146,486,-1410,0,NA,0
-2.72,-86.22,81.68,86.22,-77.82,0.44,580,27,-1054,0,NA,0
2.43,-87.78,76.62,87.78,79.20,0.41,-869,-2727,1051,0,NA,0
-2.42,-86.21,82.26,86.21,-78.07,0.29,-1274,534,-78,0,NA,0
-1.06,-89.39,68.09,89.39,-74.21,0.54,2906,2661,780,0,NA,0
0.23,-85.55,83.32,85.55,20.96,0.43,268,148,536,0,NA,0
2.18,-84.20,83.80,84.20,80.10,0.32,804,1118,903,0,NA,0
-1.81,-85.55,83.33,85.55,-72.08,0.26,476,784,681,0,NA,0
0.04,-89.54,83.69,89.54,8.40,0.29,206,672,118,0,NA,0
0.58,-86.78,84.66,86.78,44.70,0.38,193,327,1373,0,NA,0
-1.21,-84.05,84.29,84.05,-63.05,0.58,576,1030,1562,0,NA,0
-0.41,-85.83,84.42,85.83,-60.69,0.46,436,639,358,0,NA,0
0.10,-87.05,82.00,87.05,9.71,0.43,-381,-84,307,0,NA,0
-1.88,-85.03,83.00,85.03,-84.90,0.61,-2811,-1384,2985,0,NA,0
4.35,-86.06,81.73,86.06,83.67,0.09,-3415,-2825,2207,0,NA,0
-1.02,-89.44,82.53,89.44,-61.43,0.41,7554,-637,1713,0,NA,0
-2.14,-81.03,86.80,81.03,-89.19,0.03,-487,4486,1277,0,NA,0
-2.41,-88.93,75.02,88.93,-77.29,0.58,-340,-23,1052,0,NA,0
0.35,-86.54,85.36,86.54,87.80,0.41,180,445,3523,0,NA,0
-0.94,-86.41,82.71,86.41,-57.79,0.54,211,-9,27,0,NA,0
0.33,-89.16,84.47,89.16,38.55,0.61,-22,204,38,0,NA,0
0.23,-85.22,83.38,85.22,19.90,0.43,27,358,11,0,NA,0
-0.21,-87.89,83.73,87.89,-26.00,0.47,51,270,-10,0,NA,0
0.06,-88.39,84.19,88.39,6.74,0.45,92,232,12,0,NA,0
0.39,-84.25,83.96,84.25,34.43,0.52,82,254,-7,0,NA,0
-0.09,-86.27,84.24,86.27,-8.37,0.46,89,281,7,0,NA,0
0.16,-84.96,84.31,84.96,16.72,0.25,84,287,24,0,NA,0
-0.14,-87.54,84.39,87.54,-15.78,0.48,66,296,23,0,NA,0
0.03,-86.31,84.11,86.31,3.62,0.23,70,282,-29,0,NA,0
0.41,-85.18,84.05,85.18,44.98,0.50,101,261,-3,0,NA,0
-0.18,-84.41,84.09,84.41,-17.07,0.30,89,277,-2,0,NA,0
0.17,-85.80,83.58,85.80,21.41,0.17,86,319,22,0,NA,0
0.45,-84.42,83.73,84.42,48.06,0.44,55,303,28,0,NA,0
0.32,-84.50,84.45,84.50,27.11,0.55,77,265,-35,0,NA,0
2.93,-87.11,83.12,87.11,81.67,0.58,45,266,19,0,NA,0
0.11,-88.84,84.14,88.84,13.43,0.48,57,289,39,0,NA,0
0.07,-88.99,84.42,88.99,16.61,0.23,103,291,-18,0,NA,0
0.13,-86.04,83.84,86.04,15.52,0.24,49,303,16,0,NA,0
0.22,-87.61,84.64,87.61,86.42,0.22,56,299,0,0,NA,0
-0.11,-86.11,83.59,86.11,-15.32,0.06,67,305,-2,0,NA,0
-0.29,-86.49,84.25,86.49,-31.43,0.53,74,273,-4,0,NA,0
-0.29,-87.13,84.00,87.13,-28.74,0.61,80,288,5,0,NA,0
0.00,-87.44,84.68,87.44,0.00,0.45,83,281,7,0,NA,0
0.41,-86.01,84.11,86.01,42.18,0.61,65,290,11,0,NA,0
0.43,-85.42,84.20,85.42,59.37,0.48,50,271,-6,0,NA,0
-0.20,-88.21,83.73,88.21,-18.28,0.62,86,289,-6,0,NA,0
-0.24,-87.27,84.06,87.27,-36.65,0.37,79,278,33,0,NA,0
-0.21,-86.56,84.17,86.56,-21.68,0.50,80,292,-26,0,NA,0
-0.03,-84.78,84.60,84.78,-3.27,0.03,60,272,16,0,NA,0
-0.04,-88.12,84.32,88.12,-5.02,0.44,83,295,-24,0,NA,0
0.31,-86.85,84.05,86.85,31.23,0.58,76,286,20,0,NA,0
-0.01,-88.90,84.12,88.90,-1.67,0.47,83,283,14,0,NA,0
0.24,-85.81,84.38,85.81,22.82,0.52,87,290,-11,0,NA,0
0.39,-84.37,83.83,84.37,37.85,0.44,85,283,0,0,NA,0
-0.17,-88.13,84.07,88.13,-29.50,0.33,73,302,24,0,NA,0
0.06,-88.89,84.19,88.89,6.96,0.45,77,290,2,0,NA,0
0.17,-87.99,84.48,87.99,30.17,0.32,70,276,6,0,NA,0
0.13,-86.17,84.23,86.17,12.45,0.46,72,279,-11,0,NA,0
0.24,-87.32,83.61,87.32,56.99,0.22,105,305,-2,0,NA,0
-0.04,-86.40,84.16,86.40,-4.16,0.45,80,304,-9,0,NA,0
0.10,-86.80,83.91,86.80,11.88,0.36,93,272,13,0,NA,0
-0.17,-86.42,84.38,86.42,-17.00,0.49,70,272,-7,0,NA,0
0.10,-89.01,83.86,89.01,11.93,0.47,74,285,-10,0,NA,0
0.21,-85.55,84.10,85.55,24.21,0.31,82,328,-1,0,NA,0
0.06,-89.26,83.86,89.26,6.86,0.47,80,353,10,0,NA,0
8.24,-78.95,87.90,78.95,87.25,0.56,10915,14822,-1003,0,NA,0
10.95,88.30,101.45,-88.30,88.47,0.44,30126,21087,-9234,0,NA,0
0.05,89.27,114.03,-89.27,5.98,0.29,26643,27758,-8839,0,NA,0
38.31,88.77,119.03,-88.77,88.93,0.76,30403,32767,-8761,0,NA,0
45.00,90.00,131.20,-90.00,89.97,0.03,30573,23121,-7608,0,NA,0
147.08,-86.68,-76.56,86.68,89.07,179.45,17873,18701,-3266,0,NA,0
38.68,89.26,130.10,-89.26,88.93,0.76,-1383,1529,-3248,0,NA,0
85.24,88.95,172.55,-88.95,89.43,6.68,-11862,-995,-5234,0,NA,0
59.31,89.55,161.07,-89.55,88.75,2.04,-3119,-3419,-3106,0,NA,0
50.56,89.30,145.23,-89.30,89.81,0.49,-263,-1560,1853,0,NA,0
50.93,89.18,146.01,-89.18,88.89,0.98,-1431,757,1185,0,NA,0
53.98,89.43,146.84,-89.43,89.66,0.83,-3309,-2127,986,0,NA,0
37.84,89.58,133.80,-89.58,89.15,0.42,875,4112,-120,0,NA,0
50.58,89.32,148.24,-89.32,89.16,0.81,-5705,-888,480,0,NA,0
44.81,89.60,146.03,-89.60,89.18,0.62,-4773,-1589,1347,0,NA,0
42.23,89.93,146.60,-89.93,88.78,1.10,-5481,-3543,1512,0,NA,0
-99.96,89.51,-167.12,-89.51,-88.89,177.55,-9576,10122,-121,0,NA,0
25.94,89.42,140.16,-89.42,88.95,0.46,-8286,4381,-5175,0,NA,0
9.37,89.62,138.59,-89.62,87.68,0.44,-9870,-827,-8306,0,NA,0
27.74,89.34,130.48,-89.34,89.55,0.32,-1257,4544,-3432,0,NA,0
12.67,88.88,144.76,-88.88,84.97,1.28,-855,2683,-7855,0,NA,0
17.42,88.68,114.87,-88.68,88.90,0.51,9735,13689,-8315,0,NA,0
22.79,89.73,155.61,-89.73,86.91,1.62,-3481,5505,-6565,0,NA,0
24.56,89.21,148.10,-89.21,88.39,1.11,-8941,-7451,2216,0,NA,0
30.97,89.98,151.39,-89.98,89.70,1.22,-4593,-9081,-834,0,NA,0
15.31,89.68,148.89,-89.68,88.31,0.54,-642,-8259,1693,0,NA,0
22.21,88.38,123.86,-88.38,87.81,0.17,-3077,-10657,-3596,0,NA,0
14.62,89.08,130.90,-89.08,87.21,0.11,4638,-2148,11875,0,NA,0
4.05,89.26,112.43,-89.26,85.70,0.22,-2356,-4857,1011,0,NA,0
27.83,89.94,121.57,-89.94,88.98,0.70,-6278,-7099,-91,0,NA,0
8.26,89.33,126.80,-89.33,89.05,0.48,-6916,-8539,2739,0,NA,0
13.87,89.55,119.03,-89.55,87.74,0.50,-7947,-9603,3347,0,NA,0
12.26,88.84,118.84,-88.84,88.74,0.55,-8554,6262,-11117,0,NA,0
-2.19,89.39,120.44,-89.39,-77.06,0.75,-15121,4945,-14903,0,NA,0
-12.08,89.19,132.42,-89.19,-87.45,0.50,2783,9338,-10847,0,NA,0
-22.82,89.17,140.79,-89.17,-86.61,0.52,-6207,909,-8668,0,NA,0
-37.70,87.61,125.14,-87.61,-89.09,1.65,-7079,4215,-4354,0,NA,0
-54.09,-89.49,34.43,89.49,-88.72,1.49,-5410,15115,-5831,0,NA,0
-54.81,89.89,152.25,-89.89,-89.58,1.12,2565,6369,-758,0,NA,0
-29.38,89.63,136.11,-89.63,-88.81,0.69,3575,-957,267,0,NA,0
-34.63,89.42,134.49,-89.42,-88.68,0.72,715,8046,-8686,0,NA,0
-41.84,88.99,134.12,-88.99,-88.68,1.11,-484,9229,-5273,0,NA,0
-55.01,88.75,137.18,-88.75,-89.29,0.65,1255,2569,-186,0,NA,0
-52.69,89.24,146.25,-89.24,-89.09,1.32,2594,2849,360,0,NA,0
-43.58,89.62,138.61,-89.62,-89.10,0.64,-272,3476,-3719,0,NA,0
-47.81,89.41,139.19,-89.41,-89.85,1.04,1041,5185,-3577,0,NA,0
-69.97,89.60,158.08,-89.60,-89.29,1.68,-23,-1640,-637,0,NA,0
-46.45,89.38,141.99,-89.38,-89.10,0.98,744,641,-1240,0,NA,0
-53.30,89.18,141.79,-89.18,-88.96,1.07,2021,2121,-943,0,NA,0
-47.01,89.24,141.58,-89.24,-89.10,0.94,416,2549,-1793,0,NA,0
-51.39,89.14,141.13,-89.14,-89.45,1.07,3,-253,-248,0,NA,0
-50.08,89.52,137.60,-89.52,-89.23,0.59,-719,2191,-1940,0,NA,0
-45.73,89.42,144.29,-89.42,-89.42,0.84,-3131,-3534,-919,0,NA,0
-48.04,89.27,139.87,-89.27,-89.51,1.12,-165,38,347,0,NA,0
-48.37,89.20,137.16,-89.20,-88.99,0.86,345,1406,-253,0,NA,0
-56.18,88.95,139.93,-88.95,-89.52,0.77,710,3221,-107,0,NA,0
-53.39,89.29,143.62,-89.29,-89.74,1.20,305,2459,321,0,NA,0
-45.99,89.34,144.57,-89.34,-89.02,1.17,-162,3304,-3632,0,NA,0
-54.83,89.08,143.04,-89.08,-89.26,1.11,741,6214,-9610,0,NA,0
-64.89,89.20,143.40,-89.20,-89.34,1.59,1081,8615,-11518,0,NA,0
-60.56,89.05,143.84,-89.05,-89.40,0.48,470,3786,-3915,0,NA,0
-61.66,89.11,150.55,-89.11,-89.44,0.63,-194,2927,-4758,0,NA,0
-56.18,89.16,147.14,-89.16,-89.13,0.75,-350,1483,-1365,0,NA,0
-53.33,89.09,144.81,-89.09,-89.85,0.76,465,8,1414,0,NA,0
-62.92,89.23,143.29,-89.23,-89.40,0.84,850,1797,1428,0,NA,0
-68.31,89.79,153.82,-89.79,-89.54,1.20,1115,-78,997,0,NA,0
-52.74,89.28,142.98,-89.28,-88.86,0.25,-1472,80,-394,0,NA,0
-56.21,88.36,131.71,-88.36,-89.16,0.29,-2497,975,721,0,NA,0
-55.89,89.18,141.65,-89.18,-89.08,0.77,-1310,1239,6374,0,NA,0
-54.70,89.46,152.40,-89.46,-89.39,0.72,-3017,-1530,7834,0,NA,0
-64.09,89.10,152.19,-89.10,-89.54,1.93,-610,1166,8666,0,NA,0
-54.62,89.34,152.31,-89.34,-89.15,0.97,-1643,332,11595,0,NA,0
-47.80,89.75,140.92,-89.75,-89.14,0.92,502,-642,22241,0,NA,0
-59.96,89.49,162.20,-89.49,-89.39,0.71,1917,-2371,10879,0,NA,0
-28.61,89.70,135.25,-89.70,-88.97,0.63,5450,-4749,9612,0,NA,0
-4.37,89.36,145.45,-89.36,-77.35,0.71,2753,-2522,16996,0,NA,0
-0.72,89.48,150.38,-89.48,-69.62,0.53,447,1687,6392,0,NA,0
-13.97,89.49,154.39,-89.49,-84.57,0.50,3072,-867,17719,0,LEFT,-1
3.53,89.46,144.87,-89.46,75.54,0.48,3627,-2198,25054,0,LEFT,-1
12.11,89.52,157.78,-89.52,85.45,1.04,2241,-2782,19172,0,LEFT,-1
17.94,89.29,146.10,-89.29,86.32,1.00,762,-785,6200,0,LEFT,-1
14.71,89.22,142.95,-89.22,85.73,0.56,2227,-328,13741,0,LEFT,-1
28.56,89.61,152.54,-89.61,88.15,0.68,-1405,-6108,7046,0,LEFT,-1
41.48,89.70,123.87,-89.70,89.10,0.71,3980,2653,15307,0,LEFT,-1
37.24,89.35,114.66,-89.35,89.07,0.66,4817,8575,6517,0,LEFT,-1
48.38,88.89,109.36,-88.89,89.57,0.40,-2716,-5262,8502,0,LEFT,-1
124.99,87.48,-127.21,-87.48,88.48,177.87,-533,-5352,675,0,LEFT,-1
73.74,89.22,149.35,-89.22,89.67,1.39,347,-1609,10395,0,LEFT,-1
50.46,89.08,113.03,-89.08,89.40,0.71,2136,2850,7287,0,LEFT,-1
48.08,88.38,119.79,-88.38,89.78,0.99,1092,-87,799,0,LEFT,-1
77.59,89.26,159.37,-89.26,88.85,5.04,886,-2166,12451,0,LEFT,-1
56.43,79.52,96.17,-79.52,89.47,1.25,-592,652,1154,0,LEFT,-1
52.59,-86.78,70.50,86.78,89.22,1.04,1495,801,10697,0,LEFT,-1
53.19,86.61,108.19,-86.61,89.26,1.08,4801,828,6449,0,LEFT,-2
59.59,83.08,103.51,-83.08,89.04,0.23,9941,-1511,4364,0,LEFT,-2
61.10,87.53,109.81,-87.53,89.19,1.20,9258,52,12458,0,LEFT,-2
79.12,-89.14,10.02,89.14,89.21,5.60,13035,-396,24002,0,LEFT,-3
63.57,-89.35,64.87,89.35,89.63,0.54,5383,2082,23322,0,LEFT,-3
71.38,-88.82,43.85,88.82,89.65,0.76,91,1740,20827,0,LEFT,-3
54.84,81.33,92.62,-81.33,89.48,0.65,5367,5295,32581,0,LEFT,-4
114.40,-88.11,-32.75,88.11,88.89,178.82,5864,6197,23473,0,LEFT,-4
84.48,-89.37,4.30,89.37,89.28,2.18,649,7117,21111,0,LEFT,-5
127.35,-89.61,-41.44,89.61,89.27,179.05,8912,12585,32767,0,LEFT,-5
20.46,-89.76,64.74,89.76,89.80,0.13,5107,10983,32767,0,LEFT,-5
129.22,-89.71,-14.52,89.71,89.23,179.40,4095,16006,19163,0,LEFT,-5
41.84,-89.44,23.17,89.44,88.49,1.67,1551,2512,27119,0,LEFT,-5
79.19,-89.61,2.38,89.61,88.46,13.17,4048,4105,21426,0,RIGHT,-4
21.13,-89.42,10.99,89.42,87.63,1.72,4469,2044,10380,0,RIGHT,-4
24.91,-89.58,30.67,89.58,88.84,0.78,3258,-375,4907,0,RIGHT,-4
20.45,-89.72,28.19,89.72,88.91,1.36,1827,-285,674,0,RIGHT,-4
22.23,-89.81,29.41,89.81,87.90,0.79,2371,-387,-2794,0,RIGHT,-4
24.97,-89.30,27.98,89.30,86.92,0.79,904,-341,-3506,0,RIGHT,-4
21.24,-89.49,27.34,89.49,86.96,0.91,1120,-1821,-7171,0,RIGHT,-4
28.66,-89.52,36.30,89.52,88.69,0.60,457,-2848,-8207,0,RIGHT,-4
42.38,-89.38,24.89,89.38,89.55,1.29,41,-4702,-15655,0,RIGHT,-4
46.13,-89.63,16.62,89.63,88.33,0.26,1138,-8131,-16913,0,RIGHT,-4
58.33,-89.50,13.12,89.50,89.04,2.04,1837,-8011,-17825,0,RIGHT,-4
55.58,-89.82,14.96,89.82,89.17,0.45,1834,-9544,-18582,0,RIGHT,-3
59.43,-89.38,21.31,89.38,89.18,1.08,2892,-8140,-21035,0,RIGHT,-3
82.54,-89.30,7.91,89.30,89.52,3.90,6397,-9717,-21100,0,RIGHT,-2
68.33,-85.44,78.51,85.44,89.39,0.87,-1224,-2597,-31242,0,RIGHT,-2
76.89,-89.13,18.84,89.13,89.63,1.50,6759,-7158,-19052,1,RIGHT,0
70.18,-89.01,43.44,89.01,89.56,1.13,2831,-5659,-24190,0,RIGHT,1
71.30,-88.10,51.41,88.10,89.50,1.12,6171,-5523,-29071,0,RIGHT,1
78.09,-88.86,29.98,88.86,89.75,1.38,5784,-5891,-24798,0,RIGHT,2
70.89,-75.62,85.93,75.62,89.30,1.96,4271,-2519,-21940,0,RIGHT,2
84.62,-84.57,55.49,84.57,89.60,6.57,10518,-5006,-29910,0,RIGHT,3
139.77,-85.39,-82.86,85.39,89.42,179.31,10365,1565,-22371,0,RIGHT,4
91.92,89.61,-174.31,-89.61,89.33,161.12,7119,-2214,-23002,0,RIGHT,5
96.93,89.83,-170.90,-89.83,89.65,174.10,4926,454,-16095,0,RIGHT,5
117.64,89.20,-155.59,-89.20,89.01,178.79,1905,-816,-11689,0,RIGHT,6
114.64,89.40,-163.12,-89.40,89.03,178.77,1147,-1761,-9888,0,RIGHT,6
119.15,89.30,-163.16,-89.30,88.60,177.34,-403,-915,-3808,0,RIGHT,6
116.12,89.28,-162.85,-89.28,89.25,178.98,-3261,-1111,5196,0,RIGHT,6
128.57,89.51,-152.06,-89.51,89.05,178.30,-5059,1194,17479,0,RIGHT,6
85.38,89.23,175.55,-89.23,89.22,8.57,-7902,2469,23634,0,LEFT,5
174.53,89.39,-103.05,-89.39,85.46,179.58,-9933,2261,26395,0,LEFT,5
128.34,89.37,-134.52,-89.37,89.38,178.93,-7960,689,21565,0,LEFT,5
138.75,-89.81,-17.41,89.81,89.80,179.43,-9142,5032,23816,0,LEFT,5
158.75,-88.63,-77.28,88.63,88.76,179.85,-10752,2088,28719,0,LEFT,5
85.61,-79.34,65.15,79.34,89.77,4.51,-10946,6095,28798,0,LEFT,4
93.51,-88.05,-26.92,88.05,89.85,176.17,-6899,5891,21461,0,LEFT,3
66.64,-88.10,55.11,88.10,89.53,1.43,-6087,5367,20953,0,LEFT,3
92.46,-88.53,-8.52,88.53,89.36,170.40,-2950,5416,21220,0,LEFT,3
89.12,-88.62,1.77,88.62,89.31,36.18,-1381,6188,20797,0,LEFT,2
82.74,-88.65,13.53,88.65,89.47,4.67,-1051,6783,19184,0,LEFT,2
74.84,-88.98,20.91,88.98,89.72,2.62,-1155,7021,16543,0,LEFT,1
78.83,-89.24,15.96,89.24,89.54,2.50,-690,6600,16789,0,LEFT,1
75.82,-89.26,19.97,89.26,89.24,2.51,-1984,6299,15492,0,RIGHT,2
52.84,-89.36,33.13,89.36,88.50,2.09,-8887,6183,20234,0,RIGHT,2
2.94,-89.53,38.63,89.53,66.38,1.05,-16015,6399,30075,0,RIGHT,2
34.17,-89.51,27.31,89.51,87.68,1.26,-20952,-1489,32767,0,RIGHT,2
35.92,-89.47,32.76,89.47,89.10,1.00,-6219,-680,32767,0,RIGHT,2
-7.03,-89.23,40.22,89.23,-86.71,0.70,449,12997,27980,0,RIGHT,2
-17.62,-89.23,50.11,89.23,-87.87,0.34,15052,28139,16310,0,RIGHT,2
-39.26,-89.45,27.96,89.45,-88.87,0.36,13255,32767,5042,0,RIGHT,2
-17.75,-89.28,56.72,89.28,-89.02,0.43,13171,21842,5562,0,RIGHT,2
-23.41,-89.29,67.88,89.29,-89.05,0.16,11057,17991,3819,0,RIGHT,2
-15.33,-89.22,62.40,89.22,-88.68,0.38,4339,14924,2455,0,RIGHT,2
-15.11,-88.90,73.44,88.90,-88.62,0.28,5773,12753,-4005,0,RIGHT,2
45.00,-90.00,45.00,90.00,90.00,0.00,-3783,14694,-6015,0,RIGHT,2
-8.15,-88.81,81.05,88.81,-86.28,0.49,807,5094,476,0,RIGHT,2
-8.07,-88.73,84.30,88.73,-85.80,0.45,1880,7926,-1918,0,RIGHT,2
168.80,86.60,-105.15,-86.60,82.94,179.58,4984,-3231,-5563,0,RIGHT,2
-4.04,-85.89,84.13,85.89,-84.75,0.53,-99,350,-1737,0,RIGHT,2
-3.44,89.66,112.40,-89.66,-86.58,0.25,-8670,-768,2132,1,RIGHT,2
-0.14,-86.64,86.12,86.64,-36.25,0.15,-1100,30,14,0,RIGHT,2
-22.14,-89.30,61.42,89.30,-88.58,0.60,3935,3960,-35,1,RIGHT,0
-4.05,-77.24,88.11,77.24,-81.33,0.18,371,372,-45,0,RIGHT,0
-1.62,-85.10,85.43,85.10,-81.70,0.31,77,248,-9,0,RIGHT,0
-1.18,-82.89,85.15,82.89,-61.68,0.58,75,297,-4,0,RIGHT,0
-1.26,-84.41,85.40,84.41,-64.96,0.18,34,282,4,0,RIGHT,0
-1.37,-81.93,85.69,81.93,-74.57,0.50,90,290,10,0,RIGHT,0
-1.73,-82.15,85.43,82.15,-73.45,0.29,99,268,-15,0,RIGHT,0
-1.56,-84.82,85.71,84.82,-69.24,0.54,188,230,34,0,RIGHT,0
-1.44,-88.80,85.15,88.80,-69.28,0.59,101,235,4,0,RIGHT,0
-0.49,-81.01,86.61,81.01,-51.55,0.59,172,73,3,0,RIGHT,0
19.40,89.69,105.56,-89.69,89.36,0.24,-3174,-2231,193,0,RIGHT,0
-2.50,-74.25,87.73,74.25,-80.75,0.38,308,345,-34,0,RIGHT,0
-1.13,-89.08,84.64,89.08,-70.80,0.43,77,172,23,0,RIGHT,0
-10.42,86.98,103.04,-86.98,-85.05,0.53,706,-2342,-683,1,RIGHT,0
-4.60,-85.80,80.93,85.80,-82.91,0.29,405,204,-595,0,RIGHT,0
1.39,84.02,93.27,-84.02,68.84,0.40,-1026,-41,-1797,1,RIGHT,0
-1.32,-85.20,83.86,85.20,-78.33,0.44,-90,1020,-46,0,RIGHT,0
-2.48,-82.95,86.82,82.95,-76.23,0.59,75,243,39,0,RIGHT,0
-2.08,-87.34,82.11,87.34,-82.77,0.44,279,13,54,0,RIGHT,0
4.35,-5.17,89.96,5.17,85.77,0.34,572,-1472,14,0,RIGHT,0
0.00,-88.71,86.52,88.71,0.00,0.00,-1,7,9,0,RIGHT,0
-0.28,-84.69,84.88,84.69,-37.71,0.22,-323,496,51,0,RIGHT,0
-4.16,-85.21,85.50,85.21,-84.69,0.58,223,695,-72,0,RIGHT,0
-0.89,-83.58,86.13,83.58,-68.83,0.16,15,249,-8,0,RIGHT,0
-2.21,-81.68,85.52,81.68,-77.93,0.65,141,99,34,1,RIGHT,0
-1.30,-84.35,84.75,84.35,-71.44,0.17,-81,467,5,1,RIGHT,0
-2.35,-84.41,85.21,84.41,-82.59,0.56,85,231,19,0,RIGHT,0
-1.86,-79.71,87.68,79.71,-80.38,0.44,-47,212,17,0,RIGHT,0
3.39,-85.10,85.08,85.10,85.63,0.41,85,882,-171,0,RIGHT,0
-2.09,-83.48,84.80,83.48,-76.89,0.33,-162,303,-11,0,RIGHT,0
-1.61,-89.75,85.33,89.75,-68.57,0.64,82,347,9,0,RIGHT,0
-2.52,-82.00,86.49,82.00,-81.77,0.65,108,153,21,0,RIGHT,0
1.25,-86.33,84.41,86.33,74.90,0.30,-113,257,-50,1,RIGHT,0
-0.31,-85.97,85.15,85.97,-34.81,0.53,402,-17,32,0,RIGHT,0
-1.88,-85.38,84.43,85.38,-78.37,0.23,207,327,5,1,RIGHT,0
-0.53,-88.13,78.28,88.13,-67.25,0.68,353,590,37,0,RIGHT,0
-1.27,-88.19,85.80,88.19,-76.33,0.34,339,-229,-40,0,RIGHT,0
-1.99,-87.54,86.20,87.54,-77.71,0.39,-37,786,-3,0,RIGHT,0
-1.77,-88.63,85.68,88.63,-70.20,0.65,124,399,-10,1,RIGHT,0
2.28,-27.77,89.77,27.77,81.39,0.43,-273,-23,85,0,RIGHT,0
-0.89,-88.00,85.05,88.00,-59.58,0.54,-40,17,56,0,RIGHT,0
-0.96,-85.56,84.84,85.56,-71.05,0.39,102,390,12,0,RIGHT,0
-99.34,-73.14,-50.69,73.14,-87.50,167.16,1278,240,-105,0,RIGHT,0
2.19,-88.77,74.70,88.77,83.75,0.25,-42,-1,11,0,RIGHT,0
-1.68,-83.41,84.71,83.41,-69.99,0.46,196,363,40,0,RIGHT,0
-2.56,86.45,94.56,-86.45,-80.77,0.09,-821,23,176,1,RIGHT,0
0.86,-85.82,85.41,85.82,64.77,0.51,-321,386,0,0,RIGHT,0
-1.33,-83.39,86.17,83.39,-71.85,0.57,79,229,-4,0,RIGHT,0
-1.77,-83.52,85.49,83.52,-80.92,0.49,63,242,24,0,RIGHT,0
-1.26,-83.12,84.85,83.12,-79.62,0.61,196,263,4,0,RIGHT,0
0.09,-89.23,85.65,89.23,26.05,0.22,-125,311,19,0,RIGHT,0
3.58,87.22,96.94,-87.22,84.60,0.24,652,102,54,0,RIGHT,0
-0.33,-84.75,85.04,84.75,-31.46,0.55,14,384,-43,0,RIGHT,0
3.02,23.26,90.20,-23.26,82.89,0.39,-279,-423,-292,0,RIGHT,0
28.54,86.76,94.69,-86.76,89.12,0.10,-1746,-163,-3864,1,RIGHT,0
9.06,-84.86,85.68,84.86,87.62,0.25,-822,-138,-3676,0,RIGHT,0
-2.38,-85.78,85.35,85.78,-74.59,0.54,79,320,-184,0,RIGHT,0
-2.09,-81.75,85.80,81.75,-87.10,0.56,108,348,27,0,RIGHT,0
-1.76,-82.59,85.25,82.59,-74.87,0.51,101,304,3,0,RIGHT,0
-1.69,-84.55,85.24,84.55,-72.22,0.13,72,270,13,0,RIGHT,0
-1.31,-84.69,85.58,84.69,-68.65,0.52,66,288,31,0,RIGHT,0
-1.59,-82.49,85.95,82.49,-68.48,0.55,65,287,22,0,RIGHT,0
-1.24,-83.07,85.26,83.07,-78.44,0.61,47,276,6,0,RIGHT,0
-1.59,-86.19,85.81,86.19,-73.24,0.51,94,259,-10,0,RIGHT,0
-1.34,-82.22,85.48,82.22,-66.36,0.54,90,283,11,0,RIGHT,0
-1.30,-83.51,85.77,83.51,-67.95,0.39,68,277,-4,0,RIGHT,0
-1.37,-83.44,85.44,83.44,-78.00,0.60,59,305,6,0,RIGHT,0
9.24,-88.56,71.36,88.56,87.54,0.39,-825,-154,538,0,RIGHT,0
1.36,-87.25,82.75,87.25,67.76,0.56,86,288,5359,0,RIGHT,0
0.52,84.86,94.46,-84.86,44.28,0.06,255,-993,521,0,RIGHT,0
1.67,-88.39,69.18,88.39,78.51,0.75,176,1596,1058,0,LEFT,-1
0.35,-86.81,81.65,86.81,30.96,0.61,336,-241,1734,0,LEFT,-1
1.05,-84.80,86.58,84.80,84.51,0.40,-300,342,1035,0,LEFT,-1
-54.24,-85.70,61.31,85.70,-87.91,1.86,1395,850,637,0,LEFT,-1
-5.26,-89.52,61.79,89.52,-86.73,0.79,410,-554,2021,0,LEFT,-2
165.91,-89.92,-20.48,89.92,89.10,180.00,4054,4792,323,0,LEFT,-2
3.41,-81.09,85.30,81.09,80.24,0.66,64,356,-678,0,LEFT,-3
4.19,-83.33,86.34,83.33,84.20,0.28,-234,955,-992,0,LEFT,-3
-3.68,-85.74,84.43,85.74,-84.50,0.49,203,207,-284,0,LEFT,-3
2.26,-77.15,88.70,77.15,84.97,0.24,-579,113,94,0,LEFT,-3
-1.67,-83.46,84.58,83.46,-82.52,0.38,67,101,43,0,LEFT,-3
-3.99,-84.39,85.45,84.39,-83.13,0.19,815,-329,-287,0,LEFT,-3
-10.67,-82.52,85.59,82.52,-86.21,0.56,1300,82,-342,0,LEFT,-3
1.61,-82.96,87.34,82.96,84.11,0.39,-1012,481,-1405,0,LEFT,-3
-1.16,-76.26,87.77,76.26,-61.37,0.38,255,300,-103,0,LEFT,-3
-4.46,86.50,92.65,-86.50,-84.16,0.42,-33,162,-1268,0,LEFT,-3
6.06,-83.70,85.27,83.70,86.72,0.41,1678,420,442,0,LEFT,-3
11.33,-85.28,84.89,85.28,87.76,0.60,-1312,1300,-1170,0,LEFT,-6
5.08,-89.10,75.34,89.10,84.62,0.49,-994,552,865,0,LEFT,-7
-2.49,-88.92,78.55,88.92,-87.04,0.40,156,-74,1300,0,LEFT,-7
-55.35,87.04,125.11,-87.04,-88.31,1.88,1048,738,-1171,0,LEFT,-7
0.79,-88.16,74.57,88.16,59.94,0.50,2041,-298,760,0,LEFT,-7
1.57,-85.27,83.74,85.27,71.68,0.00,-87,378,-165,0,LEFT,-7
-2.62,-84.97,85.97,84.97,-78.41,0.56,183,251,-34,0,LEFT,-7
-2.15,-83.61,85.52,83.61,-73.27,0.17,30,315,-34,0,LEFT,-7
21.16,62.29,90.59,-62.29,89.32,0.19,-573,-4939,-2451,0,LEFT,-7
-10.14,87.74,110.24,-87.74,-84.26,0.68,1815,-256,-1437,0,LEFT,-7
12.63,-87.56,82.74,87.56,88.39,0.30,-4596,-5507,-2139,0,LEFT,-7
-24.43,87.53,99.32,-87.53,-88.44,0.36,835,980,-4470,0,LEFT,-7
8.09,79.98,91.66,-79.98,87.64,0.42,343,-723,-3067,0,LEFT,-7
6.04,-87.44,80.47,87.44,85.62,0.59,-230,18780,-272,0,LEFT,-7
-1.04,87.80,99.39,-87.80,-70.44,0.12,4354,16723,3418,0,LEFT,-7
1.52,87.87,101.49,-87.87,84.81,0.27,7517,27112,784,0,LEFT,-7
11.86,89.05,103.06,-89.05,87.85,0.42,14836,32583,1822,0,LEFT,-7
57.07,89.35,162.67,-89.35,88.34,1.38,24174,32767,-6298,0,LEFT,-7
37.82,-86.75,86.65,86.75,89.93,0.20,11360,32767,-11308,0,LEFT,-7
45.00,90.00,123.46,-90.00,89.70,0.30,5799,13931,-11837,0,LEFT,-7
155.65,89.52,-161.87,-89.52,85.52,178.39,11220,11568,-13582,0,LEFT,-7
169.78,89.66,-159.61,-89.66,86.29,178.73,14023,-4047,4172,0,LEFT,-7
172.63,89.92,-165.01,-89.92,81.83,179.05,-8915,-17993,32443,0,LEFT,-7
59.63,89.40,157.64,-89.40,89.42,2.07,-23120,-24634,32767,0,LEFT,-7
47.11,87.68,99.25,-87.68,89.23,0.31,-32768,-32768,32767,0,LEFT,-7
33.81,87.97,116.59,-87.97,88.95,0.40,-32768,-32768,18858,0,LEFT,-7
109.07,-89.81,-13.59,89.81,89.77,179.60,-32768,-28601,640,0,LEFT,-7
-4.63,-88.85,61.87,88.85,-86.74,0.56,-32768,-32768,-1675,0,LEFT,-7
-16.84,-89.02,56.60,89.02,-87.48,0.54,-32768,-28260,-8688,0,LEFT,-7
-0.90,-89.07,71.85,89.07,-73.13,0.32,-32768,-21909,-13050,0,LEFT,-7
-15.58,-89.39,49.37,89.39,-87.94,0.73,-31397,-17522,-9463,0,LEFT,-7
-29.20,-89.50,47.96,89.50,-88.73,0.63,-24494,-936,-5155,0,LEFT,-7
-16.15,-89.39,45.62,89.39,-89.23,0.56,-8581,17489,-1002,0,LEFT,-7
-27.87,-88.97,42.41,88.97,-88.90,0.72,-7544,14054,1484,0,LEFT,-7
-15.35,-89.12,56.55,89.12,-89.84,0.54,-7491,20754,3162,0,LEFT,-7
-17.54,-88.90,68.48,88.90,-89.20,0.39,63,29401,-1105,0,LEFT,-7
-15.92,-89.48,66.03,89.48,-88.61,0.38,3313,32311,-2251,0,LEFT,-7
-10.24,-84.57,86.67,84.57,-88.85,0.12,3567,31279,-2282,0,LEFT,-7
-9.63,-85.15,85.83,85.15,-89.92,0.13,11625,31535,5791,0,LEFT,-7
-15.77,89.72,107.30,-89.72,-88.94,0.44,22992,32767,5947,0,LEFT,-7
-31.72,87.96,109.18,-87.96,-89.42,0.29,21484,32767,-5524,0,LEFT,-7
-28.17,89.66,154.06,-89.66,-88.77,1.16,13726,32767,-10664,0,LEFT,-7
-7.27,88.78,133.92,-88.78,-79.39,0.46,11749,32767,-10954,0,LEFT,-7
-120.78,88.40,-141.79,-88.40,-88.90,179.13,13523,21066,-20771,0,LEFT,-7
-127.38,85.59,-100.41,-85.59,-89.39,179.87,20617,-2212,-30973,0,LEFT,-7
25.74,-89.76,45.00,89.76,89.99,0.24,20278,-1200,-31065,0,LEFT,-7
-143.54,89.71,-102.83,-89.71,-89.82,179.85,29449,-14094,-32768,0,LEFT,-7
-90.95,89.66,-178.03,-89.66,-89.49,156.39,31612,-11142,-32768,0,LEFT,-7
-74.71,89.13,155.83,-89.13,-89.43,1.03,32767,-6565,-22176,0,LEFT,-7
-73.43,89.36,141.87,-89.36,-89.87,1.50,32767,-17330,-10106,0,LEFT,-7
-66.50,89.35,132.62,-89.35,-89.77,0.79,32767,-16764,-6104,0,LEFT,-7
-62.40,89.81,121.79,-89.81,-89.68,0.60,32767,-16388,175,0,LEFT,-7
-49.04,89.29,116.47,-89.29,-89.86,0.09,32767,-3151,17322,0,LEFT,-7
-32.24,88.92,107.64,-88.92,-89.52,0.54,32767,3227,32767,0,LEFT,-7
-19.20,88.99,114.85,-88.99,-88.76,0.60,32767,-10428,32767,0,LEFT,-7
-37.02,89.17,126.38,-89.17,-89.19,0.50,32767,2939,32767,0,LEFT,-7
-35.36,86.90,109.77,-86.90,-88.46,0.92,20296,1709,32767,0,LEFT,-7
-23.91,-87.93,48.66,87.93,-87.79,2.38,6378,-6392,32767,0,LEFT,-7
-74.78,-89.37,30.75,89.37,-88.39,1.47,-7180,17535,27968,0,LEFT,-7
-58.98,-88.75,43.42,88.75,-89.60,1.02,-20161,15365,32767,0,LEFT,-7
-79.30,-89.48,10.49,89.48,-89.29,4.24,-23317,7591,32767,0,LEFT,-7
-60.85,-89.74,25.94,89.74,-89.75,0.64,-22975,-4562,32767,0,LEFT,-7
-30.05,-89.46,47.92,89.46,-89.45,0.25,-15857,-1775,29757,0,LEFT,-7
-135.00,-90.00,-45.00,90.00,-90.00,180.00,-311,9803,13763,0,LEFT,-7
-27.31,-89.70,47.32,89.70,-89.78,0.30,-6937,-1694,6093,0,LEFT,-7
66.01,-89.85,9.93,89.85,89.77,0.66,-1107,-2630,-7956,0,LEFT,-7
-25.92,-89.70,37.07,89.70,-89.54,0.22,612,1708,-18382,0,LEFT,-7
-30.26,-89.29,40.97,89.29,-89.51,0.31,-3224,7781,-32768,0,LEFT,-7
-35.39,-89.26,40.56,89.26,-88.98,0.76,-6527,6447,-32768,0,LEFT,-7
-41.74,-89.37,36.71,89.37,-89.41,0.68,-15538,7033,-32768,0,LEFT,-7
-41.75,-89.38,43.11,89.38,-88.85,0.87,-21256,13734,-32768,0,LEFT,-7
-29.79,-80.19,83.19,80.19,-87.86,1.14,-32768,32767,-32768,0,LEFT,-7
8.84,89.42,111.35,-89.42,88.98,0.28,-32768,28867,-26293,0,LEFT,-7
-12.75,88.02,101.72,-88.02,-88.55,0.23,-32768,23206,-17902,0,LEFT,-7
-62.12,85.38,108.58,-85.38,-89.35,1.01,-32768,7471,-12320,0,LEFT,-7
-48.39,88.80,120.93,-88.80,-89.69,0.54,-32768,13759,586,0,LEFT,-7
-86.80,89.75,172.18,-89.75,-89.68,6.75,-32768,18378,10415,0,LEFT,-7
-62.82,89.53,133.52,-89.53,-89.82,0.71,-32768,30470,21022,0,LEFT,-7
-79.62,89.91,158.58,-89.91,-89.59,2.25,-32768,32767,25643,0,LEFT,-7
-90.33,89.50,-179.53,-89.50,-89.69,171.68,-32768,32767,32527,0,LEFT,-7
-98.19,89.75,-166.01,-89.75,-89.61,176.90,-32768,32767,31120,0,LEFT,-7
-103.91,89.55,-162.51,-89.55,-89.68,178.08,-26924,32767,31219,0,LEFT,-7
-120.68,89.48,-147.24,-89.48,-89.27,178.86,-13841,31902,32767,0,LEFT,-7
-120.66,89.54,-159.74,-89.54,-89.31,178.03,-18531,25470,32767,0,LEFT,-7
-164.15,-86.09,-87.29,86.09,-89.02,179.73,-12524,19421,29592,0,LEFT,-7
-167.91,-86.40,-80.88,86.40,-88.90,179.38,-13554,15756,18430,0,LEFT,-7
-174.56,-88.57,-67.33,88.57,-86.41,179.40,-20546,7458,-1326,0,LEFT,-7
-172.54,-89.60,-61.45,89.60,-83.60,179.47,-19465,-2362,-31639,0,LEFT,-7
-175.56,-88.55,-69.93,88.55,-83.73,179.80,-10579,-9245,-32768,0,LEFT,-7
-168.24,-87.71,-77.82,87.71,-88.62,179.22,-6407,-12402,-32768,0,LEFT,-7
-134.12,83.70,-95.17,-83.70,-89.18,179.78,19315,359,-32768,0,LEFT,-7
-114.95,85.67,-108.12,-85.67,-89.41,179.28,30884,-4009,-32768,0,LEFT,-7
-101.95,88.43,-140.02,-88.43,-89.83,178.03,32767,-6477,-32768,0,LEFT,-7
-97.66,87.94,-148.32,-87.94,-89.68,179.05,32767,-10134,-32768,0,LEFT,-7
-87.90,88.00,168.08,-88.00,-89.71,11.39,32767,-11207,-28382,0,LEFT,-7
-73.07,88.32,120.90,-88.32,-89.81,1.29,32767,-12486,-11057,0,LEFT,-7
-73.95,12.38,90.28,-12.38,-89.63,0.28,32767,-15099,5170,0,LEFT,-7
-52.79,89.07,108.78,-89.07,-89.27,0.73,32767,-30336,9086,0,LEFT,-7
-8.26,83.85,93.57,-83.85,-87.96,0.33,32767,-21369,27616,0,LEFT,-7
-36.70,-86.21,67.16,86.21,-88.53,0.81,25971,-15182,32767,0,LEFT,-7
-15.31,-89.43,52.07,89.43,-88.50,0.87,10490,-6860,24968,0,LEFT,-7
-31.24,-89.50,50.32,89.50,-88.83,0.08,5406,17678,21761,0,LEFT,-7
-19.81,-88.50,71.30,88.50,-88.68,0.39,-493,27918,19870,0,LEFT,-7
-15.36,-89.14,67.74,89.14,-89.47,0.40,-5696,17332,12729,0,LEFT,-7
-13.36,-88.80,72.99,88.80,-88.48,0.46,-1188,13879,6439,0,LEFT,-7
-11.29,-88.11,76.69,88.11,-88.58,0.14,47,11184,7106,0,LEFT,-7
-21.46,-88.69,63.36,88.69,-88.43,0.75,-340,9563,4641,0,LEFT,-7
-16.26,-86.33,80.87,86.33,-88.56,0.54,-2693,5024,868,0,LEFT,-7
-10.59,-87.09,82.69,87.09,-86.95,0.49,1304,5058,3939,0,LEFT,-7
-12.23,-56.29,89.62,56.29,-88.16,0.44,4040,8743,2260,0,LEFT,-7
-4.31,85.04,94.32,-85.04,-83.14,0.67,3852,6330,652,0,LEFT,-7
-11.99,74.57,91.51,-74.57,-88.46,0.22,-407,-1059,-2756,0,LEFT,-7
-15.53,86.02,96.84,-86.02,-87.64,0.63,-3458,-1746,-5489,1,LEFT,0
-10.12,86.04,92.73,-86.04,-88.36,0.57,-2454,-404,-2025,0,LEFT,0
-10.03,71.41,91.82,-71.41,-89.67,0.52,2632,-121,-928,0,LEFT,0
-10.16,-61.91,89.39,61.91,-86.81,0.73,2659,-6062,45,0,LEFT,0
-8.08,-87.02,87.11,87.02,-87.66,0.35,2484,-10386,2172,0,LEFT,0
-5.82,-83.85,84.69,83.85,-87.07,0.22,4122,-3656,4655,0,LEFT,0
-8.66,-81.75,86.21,81.75,-88.40,0.59,-763,3814,7535,0,LEFT,0
-21.21,-77.91,86.55,77.91,-88.57,0.65,-2256,-1963,10567,0,LEFT,0
-4.57,-77.69,87.91,77.69,-86.81,0.50,4040,-3600,9747,0,LEFT,0
-4.24,-88.12,81.38,88.12,-87.97,0.59,9865,-1532,10885,0,LEFT,0
-5.14,-85.40,82.07,85.40,-82.73,0.69,14247,825,10386,0,LEFT,0
160.36,89.71,-173.89,-89.71,71.60,174.04,2045,-4384,11088,0,LEFT,0
15.43,-88.93,72.73,88.93,89.45,0.50,325,1024,8154,0,LEFT,0
-1.54,-80.22,86.49,80.22,-72.00,0.62,-1199,587,9636,0,LEFT,0
-7.17,-80.86,87.46,80.86,-85.40,0.34,1828,-1189,9766,0,LEFT,0
4.41,-83.12,87.22,83.12,87.17,0.26,344,-306,1120,0,LEFT,0
-8.83,-84.66,82.90,84.66,-85.71,0.56,546,1241,647,0,LEFT,0
10.68,-76.99,88.78,76.99,86.34,0.40,571,601,-185,0,LEFT,0
-6.16,12.11,90.17,-12.11,-83.76,0.46,706,77,157,0,LEFT,0
-2.07,87.93,104.68,-87.93,-74.73,0.12,1488,-1610,841,0,LEFT,0
-3.64,-87.33,83.02,87.33,-80.30,0.53,34,953,389,0,LEFT,0
4.12,-84.78,87.30,84.78,82.00,0.31,1243,1881,-1515,0,LEFT,0
-3.77,-88.07,84.88,88.07,-82.05,0.37,-145,2939,752,0,LEFT,0
1.38,-86.22,82.16,86.22,72.34,0.64,-3345,-906,1243,0,LEFT,0
4.52,-88.36,85.43,88.36,81.23,0.44,3966,774,818,0,LEFT,0
-131.75,-89.69,-138.25,-89.69,-89.69,180.00,7270,-19327,-277,0,LEFT,0
45.00,89.99,105.66,-89.99,89.83,0.17,-1715,-18319,3052,0,LEFT,0
-0.35,82.98,94.37,-82.98,-31.53,0.52,-588,-793,-44,0,LEFT,0
-1.39,-89.88,74.82,89.88,-63.67,0.50,800,1436,272,0,LEFT,0
8.08,-88.58,70.56,88.58,85.86,0.26,-436,-309,-176,0,LEFT,0
1.34,-88.07,75.63,88.07,73.42,0.49,2342,2319,-273,0,LEFT,0
-4.67,-79.24,86.67,79.24,-83.25,0.49,-898,-639,745,0,LEFT,0
-1.31,-86.19,83.76,86.19,-73.82,0.60,-34,193,-298,0,LEFT,0
-1.30,-87.60,85.27,87.60,-79.52,0.58,-4,305,-414,0,LEFT,0
-1.01,-83.37,85.89,83.37,-72.73,0.54,75,295,-613,0,LEFT,0
-1.13,-89.00,85.05,89.00,-79.56,0.27,133,820,-752,0,LEFT,0
-0.96,-81.90,85.77,81.90,-63.16,0.29,59,217,-1244,0,LEFT,0
-1.82,-78.74,86.85,78.74,-79.27,0.52,-7,401,-2927,0,LEFT,0
-2.67,-80.73,86.96,80.73,-85.66,0.30,-275,562,-2246,0,LEFT,0
-1.32,-85.42,84.45,85.42,-67.41,0.60,42,390,20,0,LEFT,0
-1.34,-81.50,85.72,81.50,-65.30,0.48,11,439,0,0,LEFT,0
-0.94,-83.31,85.16,83.31,-67.72,0.17,118,261,-2,0,LEFT,0
-1.53,-80.55,86.22,80.55,-83.28,0.46,59,413,27,0,LEFT,0
-1.39,-81.62,85.89,81.62,-84.56,0.53,123,199,3,0,LEFT,0
-1.55,-86.66,85.86,86.66,-70.65,0.40,49,371,9,0,LEFT,0
-1.37,-82.53,85.78,82.53,-75.60,0.61,58,350,-6,0,LEFT,0
-1.34,-81.77,85.88,81.77,-73.48,0.36,75,283,6,0,LEFT,0
-1.15,-84.62,85.08,84.62,-69.39,0.37,104,264,-15,0,LEFT,0
-1.19,-82.74,85.60,82.74,-68.27,0.53,73,289,5,0,LEFT,0
-1.48,-85.14,85.70,85.14,-75.35,0.57,74,273,-14,0,LEFT,0
-1.37,-82.73,85.73,82.73,-82.60,0.53,64,275,-2,0,LEFT,0
-1.40,-88.12,85.41,88.12,-67.21,0.38,72,275,-12,0,LEFT,0
-0.96,-83.42,85.59,83.42,-64.25,0.40,92,260,-13,0,LEFT,0
-1.63,-82.69,86.08,82.69,-77.18,0.59,87,274,10,0,LEFT,0
-1.17,-84.14,85.44,84.14,-79.56,0.35,83,286,-7,0,LEFT,0
-1.33,-83.70,85.68,83.70,-71.76,0.54,80,279,9,0,LEFT,0
-1.51,-87.53,85.57,87.53,-67.60,0.13,101,276,-7,0,LEFT,0
-1.51,-83.93,85.09,83.93,-78.99,0.54,79,279,-15,0,LEFT,0
-1.05,-82.65,85.54,82.65,-72.39,0.58,76,278,34,0,LEFT,0
-1.14,-87.88,85.61,87.88,-80.57,0.42,75,305,24,0,LEFT,0
-1.56,-84.47,85.85,84.47,-69.12,0.45,84,280,-12,0,LEFT,0
-1.54,-82.51,85.44,82.51,-86.60,0.55,83,279,15,0,LEFT,0
-0.99,-83.15,85.42,83.15,-72.14,0.34,99,288,-24,0,LEFT,0
-2.86,-88.98,78.74,88.98,-82.62,0.65,103,-25,-239,0,LEFT,0
0.22,-87.00,83.12,87.00,24.92,0.44,101,196,-82,0,LEFT,0
-1.61,-86.26,85.04,86.26,-72.89,0.50,70,301,4,0,LEFT,0
-1.64,-83.52,85.26,83.52,-81.39,0.57,86,303,14,0,LEFT,0
-1.34,-83.11,85.41,83.11,-70.26,0.50,82,277,-10,0,LEFT,0
-1.26,-89.48,85.66,89.48,-63.62,0.59,78,289,23,0,LEFT,0
-1.08,-82.04,85.52,82.04,-80.42,0.60,58,275,2,0,LEFT,0
-1.70,-85.11,85.25,85.11,-75.12,0.25,71,294,-2,0,LEFT,0
-1.27,-85.61,85.57,85.61,-66.06,0.41,60,304,-16,0,LEFT,0
-1.42,-87.48,85.32,87.48,-69.03,0.39,83,293,34,0,LEFT,0
-1.26,-84.02,85.39,84.02,-64.04,0.18,76,267,4,0,LEFT,0
-1.35,-83.40,85.43,83.40,-82.04,0.40,70,277,-3,0,LEFT,0
-1.10,-89.54,85.00,89.54,-74.69,0.26,93,268,-16,0,LEFT,0
-1.18,-82.08,85.51,82.08,-66.22,0.42,70,318,-5,0,LEFT,0
-1.31,-82.26,85.66,82.26,-64.59,0.47,72,296,-2,0,LEFT,0
-1.31,-83.04,85.27,83.04,-66.01,0.34,81,261,1,0,LEFT,0
-1.29,-85.33,85.41,85.33,-72.19,0.37,71,261,7,0,LEFT,0
-0.83,-87.32,85.49,87.32,-56.88,0.07,81,281,16,0,LEFT,0
-1.22,-83.73,85.17,83.73,-77.08,0.54,83,290,21,0,LEFT,0
-1.36,-83.97,85.19,83.97,-76.98,0.50,72,275,2,0,LEFT,0
-2.14,-82.67,86.11,82.67,-79.22,0.16,56,250,2,0,LEFT,0
0.91,-87.87,85.71,87.87,84.31,0.18,8,-392,-283,0,LEFT,0
-12.81,80.76,94.22,-80.76,-87.44,0.87,22,463,-4141,0,LEFT,0
82.60,-89.17,5.28,89.17,88.75,4.48,1722,823,-6535,0,LEFT,0
2.24,-89.07,70.87,89.07,80.22,0.45,609,542,-2634,0,LEFT,0
-0.87,-86.44,81.13,86.44,-63.58,0.22,1122,2024,3452,0,LEFT,0
-2.32,-82.15,87.85,82.15,-86.01,0.52,1534,1185,5259,0,LEFT,0
5.08,-87.11,79.18,87.11,83.09,0.46,857,896,12079,0,LEFT,0
-27.63,-87.09,81.23,87.09,-88.41,0.71,52,-1225,19342,0,LEFT,0
6.05,-78.23,87.61,78.23,87.52,0.55,2577,-84,25718,0,LEFT,0
6.20,-78.16,88.05,78.16,86.78,0.14,196,-178,25236,0,LEFT,0
-1.49,-88.10,73.72,88.10,-67.77,0.62,2907,82,23652,0,LEFT,0
5.69,53.68,90.33,-53.68,88.65,0.51,2614,3648,21817,0,LEFT,0
-7.69,-77.33,88.22,77.33,-86.16,0.48,1032,-1269,19867,0,LEFT,0
-15.75,-85.93,83.16,85.93,-88.91,0.54,2473,445,17694,0,LEFT,0
2.61,-84.56,83.74,84.56,89.26,0.25,1569,-111,11032,0,LEFT,0
0.29,-84.96,84.00,84.96,34.07,0.27,-224,333,5872,0,LEFT,0
0.03,-81.72,87.32,81.72,3.35,0.27,362,188,2039,0,LEFT,0
-0.45,-86.33,87.53,86.33,-74.59,0.62,121,234,-81,0,LEFT,0
-1.79,-85.18,85.57,85.18,-71.14,0.36,9,288,-4,0,LEFT,0
-0.94,-88.69,86.18,88.69,-71.83,0.58,115,315,17,0,LEFT,0
-1.73,-82.66,85.26,82.66,-76.18,0.16,67,319,39,0,LEFT,0
-2.03,-81.91,87.15,81.91,-78.72,0.32,109,242,-10,0,LEFT,0
-1.09,-86.72,84.24,86.72,-64.60,0.27,24,318,18,0,LEFT,0
